<?xml version="1.0" encoding="UTF-8"?><extract_about_property_room><details_statement><group_top_requisites><organ_registr_rights>Филиал публично-правовой компании "Роскадастр" по Нижегородской области</organ_registr_rights><date_formation>2023-01-15</date_formation><registration_number>КУВИ-001/2023-6987167</registration_number></group_top_requisites></details_statement><details_request><date_received_request>2023-01-15</date_received_request><date_receipt_request_reg_authority_rights>2023-01-15</date_receipt_request_reg_authority_rights></details_request><room_record><record_info><registration_date>2011-07-05T22:24:14+04:00</registration_date></record_info><object><common_data><cad_number>52:18:0030050:1045</cad_number><quarter_cad_number>52:18:0030050</quarter_cad_number><type><code>002001003000</code><value>room_record</value></type></common_data></object><cad_links><parent_cad_number><cad_number>52:18:0030050:34</cad_number></parent_cad_number><old_numbers><old_number><number_type><code>01</code><value>Инвентарный номер</value></number_type><number>5799</number></old_number><old_number><number_type><code>02</code><value>Условный номер</value></number_type><number>ННО:18:03:000:000:0000:05799:А:0015</number></old_number></old_numbers></cad_links><params><area>78.6</area><name>Квартира</name><purpose><code>206002000000</code><value>Жилое</value></purpose><type><code>205001000000</code><value>Квартира</value></type><common_property>false</common_property><service>false</service></params><address_room><address><address><address_fias><level_settlement><okato>22401365000</okato><kladr>52000001000037000</kladr><postal_code>603116</postal_code><region><code>52</code><value>Нижегородская область</value></region><city><type_city>г</type_city><name_city>Нижний Новгород</name_city></city></level_settlement><detailed_level><street><type_street>ул</type_street><name_street>Генерала Зимина</name_street></street><level1><type_level1>д</type_level1><name_level1>36</name_level1></level1><apartment><type_apartment>кв</type_apartment><name_apartment>15</name_apartment></apartment></detailed_level></address_fias><readable_address>Нижегородская обл, р-н Канавинский, г Нижний Новгород, ул Генерала Зимина, дом 36, кв. 15</readable_address></address><location><okato>22401365000</okato><region><code>52</code><value>Нижегородская область</value></region><position_description>Нижегородская обл, р-н Канавинский, г Нижний Новгород, ул Генерала Зимина, дом 36, кв. 15</position_description></location></address></address_room><location_in_build><level><floor_type><code>01</code><value>Этаж</value></floor_type><floor>5</floor></level></location_in_build><cost><value>4284045.05</value></cost></room_record><right_records><right_record><record_info><registration_date>1998-11-02T00:00:00+03:00</registration_date></record_info><right_data><right_type><code>001001000000</code><value>Собственность</value></right_type><right_number>52-01-02:30:04:1998-03289</right_number></right_data><right_holders><right_holder><individual><surname>Марширов</surname><name>Виктор</name><patronymic>Викторович</patronymic><birth_date>1957-02-26</birth_date><birth_place>с. Омутское Павловского района Алтайского края</birth_place><citizenship><person_citizenship_country><citizenship_country><value>Российской Федерации</value></citizenship_country></person_citizenship_country></citizenship><snils>002-284-682 17</snils><identity_doc><document_code><code>008001001000</code><value>Паспорт гражданина Российской Федерации</value></document_code><document_series>22 02</document_series><document_number>171964</document_number><document_date>2002-03-12</document_date><document_issuer>УВД Канавинского района г. Нижнего Новгорода</document_issuer></identity_doc></individual></right_holder></right_holders></right_record></right_records><recipient_statement>Марширов Виктор Викторович</recipient_statement><status>Сведения об объекте недвижимости имеют статус "актуальные, ранее учтенные"</status></extract_about_property_room>